{"m_DefineSymbols":{"m_Value":{"Android":"UNITY_POST_PROCESSING_STACK_V2","EmbeddedLinux":"UNITY_POST_PROCESSING_STACK_V2","GameCoreScarlett":"UNITY_POST_PROCESSING_STACK_V2","GameCoreXboxOne":"UNITY_POST_PROCESSING_STACK_V2","LinuxHeadlessSimulation":"UNITY_POST_PROCESSING_STACK_V2","Lumin":"UNITY_POST_PROCESSING_STACK_V2","Nintendo Switch":"UNITY_POST_PROCESSING_STACK_V2","PS4":"UNITY_POST_PROCESSING_STACK_V2","PS5":"UNITY_POST_PROCESSING_STACK_V2","QNX":"UNITY_POST_PROCESSING_STACK_V2","Stadia":"UNITY_POST_PROCESSING_STACK_V2","Standalone":"UNITY_POST_PROCESSING_STACK_V2","WebGL":"UNITY_POST_PROCESSING_STACK_V2","Windows Store Apps":"UNITY_POST_PROCESSING_STACK_V2","XboxOne":"UNITY_POST_PROCESSING_STACK_V2","tvOS":"UNITY_POST_PROCESSING_STACK_V2"},"m_Initialized":true},"m_AllowUnsafeCode":{"m_Value":false,"m_Initialized":false},"m_ScriptDebugInfoEnabled":{"m_Value":false,"m_Initialized":true}}